Model,Accuracy,F1-Score
Neural Network,0.3968253968253968,0.38879456062186396
Naive Bayes,0.36507936507936506,0.36054508680950126
Random Forest,0.3253968253968254,0.3074351934698946
Q-Learning,0.2873,0.252
